{
  "accuracy": 0.9508333333333333,
  "precision": 0.9644670050761421,
  "recall": 0.9375,
  "f1": 0.950792326939116,
  "auc_roc": 0.9819023381934566,
  "confusion_matrix": [
    [
      571,
      21
    ],
    [
      38,
      570
    ]
  ],
  "classification_report": {
    "负面": {
      "precision": 0.9376026272577996,
      "recall": 0.964527027027027,
      "f1-score": 0.9508742714404663,
      "support": 592.0
    },
    "正面": {
      "precision": 0.9644670050761421,
      "recall": 0.9375,
      "f1-score": 0.950792326939116,
      "support": 608.0
    },
    "accuracy": 0.9508333333333333,
    "macro avg": {
      "precision": 0.9510348161669708,
      "recall": 0.9510135135135135,
      "f1-score": 0.9508332991897912,
      "support": 1200.0
    },
    "weighted avg": {
      "precision": 0.9512139120190932,
      "recall": 0.9508333333333333,
      "f1-score": 0.9508327528931155,
      "support": 1200.0
    }
  }
}